local_id,name,equipment,lift_manual_url
73,Arnold Press,Dumbbells,https://liftmanual.com/dumbbell-arnold-press/
74,Behind-the-Back Curls,Cable,https://liftmanual.com/cable-unilateral-bicep-curl/
1,Bench Press,Barbell,https://liftmanual.com/barbell-bench-press/
2,Bench Press,Dumbbells,https://liftmanual.com/dumbbell-bench-press/
75,Bench Press with Close Grip,Barbell,https://liftmanual.com/barbell-close-grip-bench-press/
76,Bent-Over Lateral Raises,Dumbbells,https://liftmanual.com/dumbbell-rear-lateral-raise/
77,Bent-Over One-Arm Rows,Landmine,https://liftmanual.com/barbell-one-arm-bent-over-row/
78,Bent-Over Rows,Barbell,https://liftmanual.com/barbell-bent-over-row/
79,Bent-Over Rows,Dumbbells,https://liftmanual.com/dumbbell-bent-over-row/
80,Bent-Over Rows with Reverse Grip,Barbell,https://liftmanual.com/barbell-reverse-grip-bent-over-row/
81,Bent-Over Rows with Reverse Grip,Dumbbells,https://liftmanual.com/dumbbell-bent-over-reverse-row/
82,Bent-Over Rows with Wide Grip,Barbell,https://liftmanual.com/barbell-bent-over-wide-grip-row/
83,Bent-Over Shrugs,Barbell,
84,Bent-Over Shrugs,Dumbbells,
85,Bulgarian Split Squats,Barbell,https://liftmanual.com/barbell-single-leg-split-squat/
86,Bulgarian Split Squats,Dumbbells,https://liftmanual.com/dumbbell-bulgarian-split-squat/
87,Chin-Ups,Bodyweight,https://liftmanual.com/weighted-chin-up/
88,Concentration Curls,Dumbbells,https://liftmanual.com/dumbbell-concentration-curl/
89,Concentration Hammer Curls,Dumbbells,
90,Concentration Twist Curls,Dumbbells,
91,Cross body curls,Dumbbells,https://liftmanual.com/dumbbell-cross-body-hammer-curl/
92,Crunches,Bodyweight,https://liftmanual.com/dumbbell-straight-arm-crunch/
93,Crunches on Exercise Ball,Bodyweight,
94,Curls,Barbell,https://liftmanual.com/barbell-curl/
95,Curls,Cable,https://liftmanual.com/cable-curl/
96,Curls,Dumbbells,https://liftmanual.com/dumbbell-biceps-curl/
97,Curls (one arm),Cable,https://liftmanual.com/cable-unilateral-bicep-curl/
98,Cycling on Stationary Bike,Machine,
99,Deadlifts,Barbell,https://liftmanual.com/barbell-deadlift/
100,Deadlifts,Trap Bar,https://liftmanual.com/trap-bar-deadlift/
9,Decline Bench Press,Barbell,https://liftmanual.com/barbell-decline-bench-press/
10,Decline Bench Press,Dumbbells,https://liftmanual.com/dumbbell-decline-bench-press/
101,Decline Crunches,Bodyweight,https://liftmanual.com/decline-crunch/
102,Decline Side Crunches,Bodyweight,https://liftmanual.com/oblique-crunches-floor/
103,Decline Side Sit-Ups,Bodyweight,https://liftmanual.com/decline-twisting-sit-up/
104,Decline Sit-Ups,Bodyweight,https://liftmanual.com/dumbbell-decline-sit-up/
105,Deficit Deadlifts,Trap Bar,https://liftmanual.com/trap-bar-deadlift-from-deficit/
106,Dips,Bodyweight,https://liftmanual.com/weighted-tricep-dips/
107,Drag Curls,Barbell,https://liftmanual.com/barbell-drag-curl/
108,Face Pulls with Rope,Cable,https://liftmanual.com/band-face-pull/
109,Flys,Cable,https://liftmanual.com/cable-middle-fly/
110,Flys,Dumbbells,
111,Forward Lunges,Dumbbells,
230,Front Raises,Barbell,
231,Front Raises,Dumbbells,
232,Front Raises,EZ Curl Bar,
112,Front Squats,Barbell,
235,Goblet Split Squat,Dumbbells,https://liftmanual.com/dumbbell-goblet-split-squat/
234,Goblet Squat 2 Sec Hold,Dumbbells,
236,Goblet Squat Jump,Dumbbells,
113,Goblet Squats,Dumbbells,
114,Good Mornings,Barbell,
115,Hammer Curls,Dumbbells,https://liftmanual.com/dumbbell-hammer-curl/
116,Hammer Curls (Tri bar),EZ Curl Bar,https://liftmanual.com/olympic-barbell-hammer-curl/
117,Hanging Leg Raises,Bodyweight,
118,Hanging Leg Raises with Twist,Bodyweight,
119,High Cable Flys,Cable,
120,Hip Thrusts,Barbell,
121,Hyperextensions on Roman Chair,Bodyweight,
122,Incline Bench Hex Press,Dumbbells,https://liftmanual.com/dumbbell-incline-squeeze-press/
3,Incline Bench Press,Barbell,https://liftmanual.com/barbell-incline-bench-press/
4,Incline Bench Press,Dumbbells,https://liftmanual.com/dumbbell-incline-bench-press/
123,Incline Bench Press 20°,Dumbbells,
124,Incline Bench Press 60°,Dumbbells,
125,Incline Bench Press with Close Grip,Barbell,
126,Incline Curls,Dumbbells,https://liftmanual.com/dumbbell-incline-curl/
127,Incline Flys,Dumbbells,
128,Incline Flys 20-deg,Dumbbells,
129,Incline Hammer Curls,Dumbbells,https://liftmanual.com/dumbbell-incline-hammer-curl/
130,Incline Lateral Raises,Dumbbells,
131,Incline Reverse Flys,Dumbbells,
132,Incline Rows,Dumbbells,
133,Incline Shrugs,Dumbbells,https://liftmanual.com/dumbbell-decline-shrug/
134,Incline Skull Crushers,Dumbbells,
135,Incline Skull Crushers,EZ Curl Bar,https://liftmanual.com/barbell-incline-triceps-extension-skull-crusher/
136,Incline Twist Curls,Dumbbells,
137,JM Press,Barbell,
138,JM Press,EZ Curl Bar,
139,Kneeling Crunches,Cable,
140,Kneeling Side Crunches,Cable,
239,Landmine Front Squat,Landmine,
141,Landmine Hack Squats,Landmine,
237,Landmine Press,Landmine,
238,Landmine Single Arm Press,Landmine,
142,Lat Pulldowns with Close Neutral Grip,Cable,
143,Lat Pulldowns with Close Overhand Grip,Cable,
144,Lat Pulldowns with Reverse Grip,Cable,
145,Lat Pulldowns with Wide Neutral Grip,Cable,
146,Lat Pulldowns with Wide Overhand Grip,Cable,
147,Lateral Raises,Dumbbells,https://liftmanual.com/dumbbell-lateral-raise/
148,Lean Away Lateral Raises,Cable,
149,Lean Away Lateral Raises,Dumbbells,
150,Leg Extensions,Machine,
151,Lying Leg Curls,Resistance Band,
152,One-Arm Lateral Raises at Hip Height,Cable,
153,One-Arm Rows,Dumbbells,https://liftmanual.com/dumbbell-one-arm-bent-over-row/
154,One-Arm Rows with Reverse Grip,Dumbbells,
155,One-Arm Rows with Wide Grip,Dumbbells,
156,Overhead Shrugs,Barbell,https://liftmanual.com/barbell-overhead-shrug/
157,Overhead Triceps Extensions,Cable,
158,Overhead Triceps Extensions,Dumbbells,
159,Overhead Triceps Extensions,EZ Curl Bar,
160,Preacher Curls,EZ Curl Bar,
161,Preacher Hammer Curls,Dumbbells,
162,Preacher Twist Curls,Dumbbells,
163,Pull-Ups with Close Neutral Grip,Bodyweight,
164,Pull-Ups with Close Overhand Grip,Bodyweight,
228,Pull-Ups with Wide Neutral Grip,Bodyweight,
165,Pull-Ups with Wide Overhand Grip,Bodyweight,
166,Pullovers,Cable,
167,Pullovers on Bench,Dumbbells,
168,Pullovers on Bench,EZ Curl Bar,
169,Pullovers with Rope,Cable,
227,Push-Ups,Bodyweight,
170,Push-Ups with Close Grip,Bodyweight,
171,Reverse Curls,Dumbbells,
172,Reverse Curls,EZ Curl Bar,
173,Reverse Flys,Cable,
174,Reverse Lunges,Dumbbells,
175,Reverse Spider Curls,EZ Curl Bar,
176,Romanian Deadlifts,Barbell,
177,Romanian Deadlifts,Dumbbells,
178,Romanian Deadlifts,Trap Bar,
179,Rows with Close Grip,Cable,
180,Rows with Reverse Grip,Cable,
181,Rows with Wide Grip,Cable,
182,Rows with Wide Neutral Grip,Cable,
183,Russian Twists,Bodyweight,
184,Seated Bent-Over Lateral Raises,Dumbbells,https://liftmanual.com/dumbbell-seated-bent-over-rear-delt-row/
185,Seated Calf Raises,Bodyweight,
186,Seated Calf Raises (BB),Barbell,
187,Seated Lateral Raises,Dumbbells,
188,Seated Leg Curls,Machine,
189,Seated Shoulder Press,Barbell,
190,Seated Shoulder Press,Dumbbells,
191,Seated Shoulder Press with Close Grip,Dumbbells,
192,Shrugs,Barbell,https://liftmanual.com/barbell-shrug/
193,Shrugs,Dumbbells,https://liftmanual.com/dumbbell-shrug/
194,Shrugs,Trap Bar,https://liftmanual.com/trap-bar-standing-shrug/
195,Side Bends,Dumbbells,
196,Side Crunches,Bodyweight,https://liftmanual.com/side-sit-up/
197,Side Sit-Ups,Bodyweight,https://liftmanual.com/dumbbell-straight-arm-twisting-sit-up/
198,Sit-Ups,Bodyweight,https://liftmanual.com/dumbbell-sit-up/
199,Skull Crushers,Dumbbells,https://liftmanual.com/dumbbell-lying-floor-skullcrusher/
200,Skull Crushers,EZ Curl Bar,https://liftmanual.com/barbell-lying-triceps-extension-skull-crusher/
201,Skull Crushers with Rope,Cable,
202,Spider Curls,Barbell,
203,Split Squats,Dumbbells,
204,Squats,Barbell,
205,Squats (Belt),Bodyweight,
206,Standing Calf Raises,Bodyweight,
207,Standing Calf Raises,Smith Machine,
208,Standing Leg Curls,Cable,
209,Standing Russian Twists,Cable,
210,Standing Shoulder Press,Barbell,
211,Standing Shoulder Press with Close Grip,Dumbbells,
212,Step-Ups,Dumbbells,
213,Sumo Deadlifts,Barbell,
233,Sumo Goblet Squats,Dumbbells,
214,T-Bar Reverse Lunges,Landmine,
229,T-Bar Rows with Narrow Grip,Landmine,
215,T-Bar Rows with Wide Grip,Landmine,
216,Triceps Kickbacks,Cable,
217,Triceps Kickbacks,Dumbbells,
218,Triceps Pushdowns,Cable,
219,Triceps Pushdowns (Vbar),Cable,
220,Triceps Pushdowns with Rope,Cable,
221,Twist Curls,Dumbbells,
222,Upright Rows,Dumbbells,
223,Upright Rows,EZ Curl Bar,
224,Walking Lunges,Dumbbells,
225,Y Raises,Cable,
226,Zercher Squats,Barbell,
