id,source_key,workout_name,completed_at_text,duration_seconds
f6208f7f-6b4f-4495-a9cc-bd6b54fde355,wrkt-2026-08-04:workout:0001,Pull - M · Day 1 · Week 3 · Push-Pull-Legs Hybrid,2026-08-04 12:34 pm,5880
5cfdd712-92d4-48f9-b31b-61806525c4e1,wrkt-2026-08-04:workout:0002,Legs - S · Day 5 · Week 2 · Push-Pull-Legs Hybrid,2026-08-01 11:39 am,3840
8ff964b4-315a-409e-ad16-092305ffe225,wrkt-2026-08-04:workout:0003,Upper - F · Day 4 · Week 2 · Push-Pull-Legs Hybrid,2026-07-31 1:36 pm,6000
dd62d11f-49db-463e-93c4-ad0e0b9d1cf9,wrkt-2026-08-04:workout:0004,Legs - W · Day 3 · Week 2 · Push-Pull-Legs Hybrid,2026-07-29 2:45 pm,5640
e9c7ea03-3452-4291-9779-80356efd60d3,wrkt-2026-08-04:workout:0005,Push - T · Day 2 · Week 2 · Push-Pull-Legs Hybrid,2026-07-28 1:22 pm,4320
a6a7b35a-9510-419b-8f8f-c6c69c35a68d,wrkt-2026-08-04:workout:0006,Legs - S · Day 5 · Week 1 · Push-Pull-Legs Hybrid,2026-07-27 1:45 pm,4260
8579ec9f-da1e-4be2-82d3-e697cbd4daba,wrkt-2026-08-04:workout:0007,Pull - M · Day 1 · Week 2 · Push-Pull-Legs Hybrid,2026-07-26 3:46 pm,5040
d0f050d3-7b68-4b10-a526-9cd5ce76f557,wrkt-2026-08-04:workout:0008,Upper - F · Day 4 · Week 1 · Push-Pull-Legs Hybrid,2026-07-24 1:17 pm,5760
a8162ac8-d596-4d1b-b854-5b91a3794229,wrkt-2026-08-04:workout:0009,Legs - W · Day 3 · Week 1 · Push-Pull-Legs Hybrid,2026-07-22 1:39 pm,5640
59f13720-1a24-4bec-b93e-9b6646d80269,wrkt-2026-08-04:workout:0010,Push - T · Day 2 · Week 1 · Push-Pull-Legs Hybrid,2026-07-21 1:12 pm,5640
b5d68ea4-dee8-4a58-b698-7dd27d7431aa,wrkt-2026-08-04:workout:0011,Pull - M · Day 1 · Week 1 · Push-Pull-Legs Hybrid,2026-07-20 1:56 pm,6060
8a2f8e5c-2577-4ca6-8671-930908e4047a,wrkt-2026-08-04:workout:0012,Legs-S · Day 5 · Week 6 · Push-Pull-Legs Hybrid,2026-07-18 9:19 am,3960
cbd8101c-a7b5-4be6-b343-c3bae4967f81,wrkt-2026-08-04:workout:0013,Upper-F · Day 4 · Week 6 · Push-Pull-Legs Hybrid,2026-07-17 1:46 pm,6660
5bef5644-c976-41c9-b227-f29eda49f648,wrkt-2026-08-04:workout:0014,Legs-W · Day 3 · Week 6 · Push-Pull-Legs Hybrid,2026-07-16 1:43 pm,5160
c91d5c08-3b15-4e70-b64c-99d5eeb9f44f,wrkt-2026-08-04:workout:0015,Push-T · Day 2 · Week 6 · Push-Pull-Legs Hybrid,2026-07-15 1:29 pm,5400
e54affb1-53c8-470d-b790-ada9856d76bc,wrkt-2026-08-04:workout:0016,Pull-M · Day 1 · Week 6 · Push-Pull-Legs Hybrid,2026-07-13 1:20 pm,5340
c0a610c0-4fd4-42c2-b90c-17e0270a75bc,wrkt-2026-08-04:workout:0017,Legs-S · Day 5 · Week 5 · Push-Pull-Legs Hybrid,2026-07-12 10:34 am,4740
73e96c56-ec11-4d72-8dd6-48301fe55560,wrkt-2026-08-04:workout:0018,Upper-F · Day 4 · Week 5 · Push-Pull-Legs Hybrid,2026-07-10 1:31 pm,6120
c948e134-fe8a-4673-89d3-3b78c81601be,wrkt-2026-08-04:workout:0019,Legs-W · Day 3 · Week 5 · Push-Pull-Legs Hybrid · Deload,2026-07-09 12:25 pm,5220
b1874e28-b80c-4d75-8f51-532d3dcaff57,wrkt-2026-08-04:workout:0020,Push-T · Day 2 · Week 5 · Push-Pull-Legs Hybrid,2026-07-07 1:21 pm,5640
68b2f77a-e3c0-4e6c-a8ce-cdf55f915cd8,wrkt-2026-08-04:workout:0021,Pull-M · Day 1 · Week 5 · Push-Pull-Legs Hybrid · Deload,2026-07-06 1:42 pm,5160
4f0b552b-f1c3-4d99-b74e-3931831483e4,wrkt-2026-08-04:workout:0022,Standalone workout · Standalone workout,2026-07-05 9:32 am,5400
361a604e-d317-4608-a4e5-fed6e447e3bf,wrkt-2026-08-04:workout:0023,Standalone workout · Standalone workout,2026-07-04 7:10 am,6960
641d4493-8801-4a96-a6a9-86e23af2db02,wrkt-2026-08-04:workout:0024,Upper-F · Day 4 · Week 4 · Push-Pull-Legs Hybrid,2026-06-24 2:30 pm,5400
f34e364e-91a5-44ae-a676-2da107db919f,wrkt-2026-08-04:workout:0025,Legs-W · Day 3 · Week 4 · Push-Pull-Legs Hybrid,2026-06-23 1:48 pm,5640
8c6fb271-6aaa-46cb-bfbb-94ee6faeb16d,wrkt-2026-08-04:workout:0026,Push-T · Day 2 · Week 4 · Push-Pull-Legs Hybrid,2026-06-22 8:36 am,5760
df82f3a8-80b3-4130-b70e-60817adccff6,wrkt-2026-08-04:workout:0027,Pull-M · Day 1 · Week 4 · Push-Pull-Legs Hybrid,2026-06-21 8:48 am,5340
a7f18c62-b01d-44f9-8e2b-110edd6f1ec8,wrkt-2026-08-04:workout:0028,Legs-S · Day 5 · Week 3 · Push-Pull-Legs Hybrid,2026-06-20 3:00 pm,4560
8424b921-75a6-420c-bad6-d7adfdbe731b,wrkt-2026-08-04:workout:0029,Upper-F · Day 4 · Week 3 · Push-Pull-Legs Hybrid,2026-06-19 10:55 am,5340
87e3585f-ac9c-4522-a943-873cfa9eca55,wrkt-2026-08-04:workout:0030,Legs-W · Day 3 · Week 3 · Push-Pull-Legs Hybrid,2026-06-17 12:32 pm,5760
713d91da-9851-4da8-8453-d018f8b47e8f,wrkt-2026-08-04:workout:0031,Push-T · Day 2 · Week 3 · Push-Pull-Legs Hybrid,2026-06-16 1:04 pm,5880
e39aaf5b-6ba3-46cf-9cd4-3e7ede4d9552,wrkt-2026-08-04:workout:0032,Pull-M · Day 1 · Week 3 · Push-Pull-Legs Hybrid,2026-06-15 2:05 pm,5400
d608758c-9012-40f9-907a-c29a7b9d3b03,wrkt-2026-08-04:workout:0033,Legs-S · Day 5 · Week 2 · Push-Pull-Legs Hybrid,2026-06-14 11:28 am,4440
152bb682-3ded-4f6d-b355-42432d01950f,wrkt-2026-08-04:workout:0034,Upper-F · Day 4 · Week 2 · Push-Pull-Legs Hybrid,2026-06-13 11:44 am,5760
dc88a306-b8ec-4e81-8590-812ecd999362,wrkt-2026-08-04:workout:0035,Legs-W · Day 3 · Week 2 · Push-Pull-Legs Hybrid,2026-06-12 2:59 pm,5460
caa0c5f8-c2f9-4af0-a719-d3af0d1b9b71,wrkt-2026-08-04:workout:0036,Push-T · Day 2 · Week 2 · Push-Pull-Legs Hybrid,2026-06-10 2:06 pm,5400
e2c376c7-1bf1-4ff2-b8e1-947266a29278,wrkt-2026-08-04:workout:0037,Pull-M · Day 1 · Week 2 · Push-Pull-Legs Hybrid,2026-06-09 2:04 pm,5100
96fb456a-7c4d-4f94-9544-5977a9e46870,wrkt-2026-08-04:workout:0038,Legs-S · Day 5 · Week 1 · Push-Pull-Legs Hybrid,2026-06-06 9:21 am,4140
4900b91c-e28a-44a4-a04c-cea126dd1d70,wrkt-2026-08-04:workout:0039,Upper-F · Day 4 · Week 1 · Push-Pull-Legs Hybrid,2026-06-05 1:17 pm,5760
0e116f8e-0df7-4810-b5a0-9ad9e578471b,wrkt-2026-08-04:workout:0040,Legs-W · Day 3 · Week 1 · Push-Pull-Legs Hybrid,2026-06-03 2:08 pm,5040
5aaa1522-c397-42fb-929c-b8508e5825c2,wrkt-2026-08-04:workout:0041,Push-T · Day 2 · Week 1 · Push-Pull-Legs Hybrid,2026-06-02 12:11 pm,5580
68ee726c-5e39-4f61-99b4-5b2c75b3a077,wrkt-2026-08-04:workout:0042,Pull-M · Day 1 · Week 1 · Push-Pull-Legs Hybrid,2026-06-01 1:44 pm,5100
271c7cfc-ef47-4ab7-adc5-27ff987e719b,wrkt-2026-08-04:workout:0043,Legs - Sa · Day 5 · Deload · Push-Pull-Legs Hybrid,2026-05-30 9:38 am,3720
7bd9c364-4c6e-42e8-9bf2-62ba9e5c0b9a,wrkt-2026-08-04:workout:0044,Upper - F · Day 4 · Deload · Push-Pull-Legs Hybrid,2026-05-29 12:06 pm,3420
98af0721-50ce-4338-8a57-630b18600f1d,wrkt-2026-08-04:workout:0045,Legs - W · Day 3 · Deload · Push-Pull-Legs Hybrid,2026-05-28 3:34 pm,3720
64cd151c-0314-417a-a141-384b0ae3ecfe,wrkt-2026-08-04:workout:0046,Pull - T · Day 2 · Deload · Push-Pull-Legs Hybrid,2026-05-27 1:18 pm,3900
af77c751-c9b5-4396-b8ce-dd2542677958,wrkt-2026-08-04:workout:0047,Push - M · Day 1 · Deload · Push-Pull-Legs Hybrid,2026-05-26 2:08 pm,3000
3e9a8dda-e437-468e-b1be-e49ee2ebd30b,wrkt-2026-08-04:workout:0048,Legs - Sa · Day 5 · Week 5 · Push-Pull-Legs Hybrid,2026-05-24 10:16 am,5340
bc4f1d9c-b38a-46d5-abb0-e87b98150a0b,wrkt-2026-08-04:workout:0049,Upper - F · Day 4 · Week 5 · Push-Pull-Legs Hybrid,2026-05-22 1:48 pm,5400
b21117f9-6a07-4f4d-a654-ca6b20e82d57,wrkt-2026-08-04:workout:0050,Legs - W · Day 3 · Week 5 · Push-Pull-Legs Hybrid,2026-05-20 2:08 pm,5940
c38d7a95-428a-43c7-9e6b-9499e7e8d0ef,wrkt-2026-08-04:workout:0051,Pull - T · Day 2 · Week 5 · Push-Pull-Legs Hybrid,2026-05-19 2:02 pm,5100
9ca45359-3979-43cd-8ce5-119acc5de20d,wrkt-2026-08-04:workout:0052,Push - M · Day 1 · Week 5 · Push-Pull-Legs Hybrid,2026-05-18 1:08 pm,5160
8a8b6d0b-e584-4b2d-933d-0f7099fdb434,wrkt-2026-08-04:workout:0053,Legs - Sa · Day 5 · Week 4 · Push-Pull-Legs Hybrid,2026-05-16 1:07 pm,5760
13bdb8a9-4426-4972-bdbf-57300cf72f88,wrkt-2026-08-04:workout:0054,Upper - F · Day 4 · Week 4 · Push-Pull-Legs Hybrid,2026-05-15 12:32 pm,5400
24addc03-af39-49b4-97f4-13a24246863a,wrkt-2026-08-04:workout:0055,Legs - W · Day 3 · Week 4 · Push-Pull-Legs Hybrid,2026-05-13 3:38 pm,5760
0e7d8a76-a12b-4d12-a4a4-720c8abec202,wrkt-2026-08-04:workout:0056,Pull - T · Day 2 · Week 4 · Push-Pull-Legs Hybrid,2026-05-12 12:02 pm,5640
6e80cbfd-6381-4572-be6f-2008ed3e4db3,wrkt-2026-08-04:workout:0057,Push - M · Day 1 · Week 4 · Push-Pull-Legs Hybrid,2026-05-11 2:05 pm,5340
4f3ce45b-29ea-4591-9f81-7d9a1acc40f5,wrkt-2026-08-04:workout:0058,Legs - Sa · Day 5 · Week 3 · Push-Pull-Legs Hybrid,2026-05-09 10:54 am,5400
8f283566-f59c-4410-9ab9-e275b47318ce,wrkt-2026-08-04:workout:0059,Upper - F · Day 4 · Week 3 · Push-Pull-Legs Hybrid,2026-05-08 1:32 pm,5040
8835c9de-eab7-4223-8257-66ff2d44721c,wrkt-2026-08-04:workout:0060,Legs - W · Day 3 · Week 3 · Push-Pull-Legs Hybrid,2026-05-06 2:08 pm,4080
54328fef-29a4-490b-aa60-4ebd516b740f,wrkt-2026-08-04:workout:0061,Pull - T · Day 2 · Week 3 · Push-Pull-Legs Hybrid,2026-05-05 1:49 pm,6360
38c98404-d9b7-4891-957a-d80ac87ed619,wrkt-2026-08-04:workout:0062,Push - M · Day 1 · Week 3 · Push-Pull-Legs Hybrid,2026-05-04 2:07 pm,5040
c016c70b-5e02-456c-a227-0b42cf121238,wrkt-2026-08-04:workout:0063,Legs - Sa · Day 5 · Week 2 · Push-Pull-Legs Hybrid,2026-05-02 10:25 am,6000
101cd9c2-407f-4230-af24-166ac6e4739a,wrkt-2026-08-04:workout:0064,Upper - F · Day 4 · Week 2 · Push-Pull-Legs Hybrid,2026-05-01 1:33 pm,5340
5912c832-2d6d-4a6c-9dba-95cd9b059e11,wrkt-2026-08-04:workout:0065,Legs - W · Day 3 · Week 2 · Push-Pull-Legs Hybrid,2026-04-29 4:04 pm,5520
e1a2fae1-b648-421e-bb13-a756f310bf2d,wrkt-2026-08-04:workout:0066,Pull - T · Day 2 · Week 2 · Push-Pull-Legs Hybrid,2026-04-28 1:35 pm,6000
2a34a056-69c6-4caa-a1ff-b4ef9a35d402,wrkt-2026-08-04:workout:0067,Push - M · Day 1 · Week 2 · Push-Pull-Legs Hybrid,2026-04-27 1:07 pm,5040
230e4adc-246c-4580-bf43-662a57dac64f,wrkt-2026-08-04:workout:0068,Legs - Sa · Day 5 · Week 1 · Push-Pull-Legs Hybrid,2026-04-25 10:17 am,6120
a07fddbf-9016-434b-9a14-78771201b6c1,wrkt-2026-08-04:workout:0069,Upper - F · Day 4 · Week 1 · Push-Pull-Legs Hybrid,2026-04-24 10:09 am,5160
e99c8594-d375-4041-b59b-8d52af1075e7,wrkt-2026-08-04:workout:0070,Legs - W · Day 3 · Week 1 · Push-Pull-Legs Hybrid,2026-04-22 2:02 pm,5280
c1610376-75e1-4544-a0fc-46a79b2e35a3,wrkt-2026-08-04:workout:0071,Pull - T · Day 2 · Week 1 · Push-Pull-Legs Hybrid,2026-04-21 12:54 pm,5520
44a58450-778b-456f-af19-1e22f04809bd,wrkt-2026-08-04:workout:0072,Push - M · Day 1 · Week 1 · Push-Pull-Legs Hybrid,2026-04-20 1:11 pm,4380
a9597772-8bf8-43f8-81ac-8ef8c4d407d9,wrkt-2026-08-04:workout:0073,Legs · Day 5 · Deload · Push-Pull-Legs Hybrid,2026-04-18 12:38 pm,2700
fcd83863-9f04-427d-83b8-a860021d1809,wrkt-2026-08-04:workout:0074,Upper · Day 4 · Deload · Push-Pull-Legs Hybrid,2026-04-17 2:37 pm,3120
974dd08d-7a02-4917-b02f-7e23ce798561,wrkt-2026-08-04:workout:0075,Legs · Day 3 · Deload · Push-Pull-Legs Hybrid,2026-04-16 5:37 pm,3180
d5da9350-dbd8-48ba-8a26-70ac2261d0ad,wrkt-2026-08-04:workout:0076,Push · Day 2 · Deload · Push-Pull-Legs Hybrid,2026-04-15 1:36 pm,3420
2d27ba42-d662-43f8-91a6-cdc0f6f4d19a,wrkt-2026-08-04:workout:0077,Pull · Day 1 · Deload · Push-Pull-Legs Hybrid,2026-04-14 1:13 pm,3480
151123ee-e3bf-4395-a513-395be34e504f,wrkt-2026-08-04:workout:0078,Legs · Day 5 · Week 5 · Push-Pull-Legs Hybrid,2026-04-13 2:00 pm,4440
f1f2fc9a-226c-437b-b1e0-3194c4d00a82,wrkt-2026-08-04:workout:0079,Upper · Day 4 · Week 5 · Push-Pull-Legs Hybrid,2026-04-09 4:44 pm,5040
eb026362-00e5-4a8a-9450-6f0440912987,wrkt-2026-08-04:workout:0080,Legs · Day 3 · Week 5 · Push-Pull-Legs Hybrid,2026-04-08 2:21 pm,5160
58de09ee-a015-4c29-8e76-7d909abc94b3,wrkt-2026-08-04:workout:0081,Push · Day 2 · Week 5 · Push-Pull-Legs Hybrid,2026-04-07 3:11 pm,5640
07635be8-b257-4124-811b-8d53592c022e,wrkt-2026-08-04:workout:0082,Pull · Day 1 · Week 5 · Push-Pull-Legs Hybrid,2026-04-06 2:09 pm,6480
ce6e6e91-7def-4e30-88b7-469ffe74c41f,wrkt-2026-08-04:workout:0083,Legs · Day 5 · Week 4 · Push-Pull-Legs Hybrid,2026-04-04 11:08 am,4560
405869c7-a338-456f-90e7-4df50020ff5b,wrkt-2026-08-04:workout:0084,Upper · Day 4 · Week 4 · Push-Pull-Legs Hybrid,2026-04-03 12:49 pm,5220
afa7aec8-d367-4b57-bada-44ca5608f8c2,wrkt-2026-08-04:workout:0085,Legs · Day 3 · Week 4 · Push-Pull-Legs Hybrid,2026-04-02 2:33 pm,4980
3e6c9e2c-b385-48b9-8144-87641fe8ff0f,wrkt-2026-08-04:workout:0086,Push · Day 2 · Week 4 · Push-Pull-Legs Hybrid,2026-03-31 5:34 pm,5580
825d1629-e5c7-4308-8f55-b94ff617185b,wrkt-2026-08-04:workout:0087,Pull · Day 1 · Week 4 · Push-Pull-Legs Hybrid,2026-03-30 1:32 pm,6300
30a3c00a-a62f-4703-86b9-8242d9beba39,wrkt-2026-08-04:workout:0088,Legs · Day 5 · Week 3 · Push-Pull-Legs Hybrid,2026-03-28 10:06 am,4620
444e366c-5059-4a61-bf4f-6d0d8fa1a37a,wrkt-2026-08-04:workout:0089,Upper · Day 4 · Week 3 · Push-Pull-Legs Hybrid,2026-03-27 1:48 pm,5160
eafdd4e7-a73f-432d-94c8-60842d4e8eb5,wrkt-2026-08-04:workout:0090,Legs · Day 3 · Week 3 · Push-Pull-Legs Hybrid,2026-03-25 1:29 pm,5100
b6160986-ccb0-42f7-9c7f-49cbbcc4d033,wrkt-2026-08-04:workout:0091,Push · Day 2 · Week 3 · Push-Pull-Legs Hybrid,2026-03-24 4:07 pm,5280
c0e88694-9672-47c1-a536-b2424c724605,wrkt-2026-08-04:workout:0092,Pull · Day 1 · Week 3 · Push-Pull-Legs Hybrid,2026-03-23 4:05 pm,5760
08f66617-ad71-4fb1-8117-9256a6bf2b87,wrkt-2026-08-04:workout:0093,Legs · Day 5 · Week 2 · Push-Pull-Legs Hybrid,2026-03-21 10:11 am,4620
1ebf3499-109c-4574-8166-5572ee89e0b8,wrkt-2026-08-04:workout:0094,Upper · Day 4 · Week 2 · Push-Pull-Legs Hybrid,2026-03-20 10:39 am,5340
0e08b77f-e0d0-40a8-b471-75e81277f780,wrkt-2026-08-04:workout:0095,Legs · Day 3 · Week 2 · Push-Pull-Legs Hybrid,2026-03-18 1:38 pm,5040
2739f185-9d21-4108-a1ec-4d999acbdb4d,wrkt-2026-08-04:workout:0096,Push · Day 2 · Week 2 · Push-Pull-Legs Hybrid,2026-03-17 2:34 pm,5160
499bd6da-64ac-4fef-a489-ba25b2f948c3,wrkt-2026-08-04:workout:0097,Pull · Day 1 · Week 2 · Push-Pull-Legs Hybrid,2026-03-16 1:34 pm,5880
8a452d1a-454f-466e-9775-4536a9fc65e1,wrkt-2026-08-04:workout:0098,Legs · Day 5 · Week 1 · Push-Pull-Legs Hybrid,2026-03-15 11:03 am,5040
9bb2be04-63c5-4fd1-a7b9-1457c5bcdd5e,wrkt-2026-08-04:workout:0099,Upper · Day 4 · Week 1 · Push-Pull-Legs Hybrid,2026-03-13 10:00 am,4980
d9d8983a-6d2e-4696-94aa-0769256e1fbf,wrkt-2026-08-04:workout:0100,Legs · Day 3 · Week 1 · Push-Pull-Legs Hybrid,2026-03-11 1:35 pm,4500
74a7ce6b-3192-4104-97ae-1997d76ff90d,wrkt-2026-08-04:workout:0101,Push · Day 2 · Week 1 · Push-Pull-Legs Hybrid,2026-03-10 1:26 pm,5280
bd683bef-fd3e-44b4-bfd4-27ca41109338,wrkt-2026-08-04:workout:0102,Pull · Day 1 · Week 1 · Push-Pull-Legs Hybrid,2026-03-09 1:43 pm,5520
25423c76-4cc6-47e0-b194-3b780651704b,wrkt-2026-08-04:workout:0103,Full Body · Day 5 · Deload · Full Body,2026-03-08 11:58 am,3480
353f3faa-4f8d-448a-8bf1-6ff96fd04fb6,wrkt-2026-08-04:workout:0104,Full Body · Day 4 · Deload · Full Body,2026-03-07 10:40 am,3900
5598545c-397a-47f7-b8bd-793b0c3bf4bf,wrkt-2026-08-04:workout:0105,Full Body · Day 3 · Deload · Full Body,2026-03-06 3:01 pm,3540
face23e5-f286-4407-945d-c9c05b6b7ed3,wrkt-2026-08-04:workout:0106,Full Body · Day 2 · Deload · Full Body,2026-02-27 1:39 pm,3300
8fc32276-4ae6-4736-9fb3-df19e498066b,wrkt-2026-08-04:workout:0107,Full Body · Day 1 · Deload · Full Body,2026-02-26 5:32 pm,2940
8b807068-9970-4b44-b547-a8d334c5cd94,wrkt-2026-08-04:workout:0108,Full Body · Day 5 · Week 6 · Full Body,2026-02-25 4:26 pm,5160
4ceed9a6-ff87-4156-864a-04149cd9c676,wrkt-2026-08-04:workout:0109,Full Body · Day 4 · Week 6 · Full Body,2026-02-24 1:38 pm,5760
70b81bd8-302d-4d71-bc17-0bf41cdb3735,wrkt-2026-08-04:workout:0110,Full Body · Day 3 · Week 6 · Full Body,2026-02-23 3:31 pm,5400
4fbe4e3c-ba03-4e2f-8058-263f73a7a935,wrkt-2026-08-04:workout:0111,Full Body · Day 2 · Week 6 · Full Body,2026-02-21 12:58 pm,5220
bd92d982-2bc3-4ec5-ad5f-3b2f0abfdc81,wrkt-2026-08-04:workout:0112,Full Body · Day 1 · Week 6 · Full Body,2026-02-20 1:37 pm,5160
113ab20e-14c3-4e0e-aac8-3169c68c88da,wrkt-2026-08-04:workout:0113,Full Body · Day 5 · Week 5 · Full Body,2026-02-18 2:08 pm,5220
6ff1325d-d92b-48c8-8ced-03bcfa0b2a6e,wrkt-2026-08-04:workout:0114,Full Body · Day 4 · Week 5 · Full Body,2026-02-16 1:11 pm,5640
880d2e84-81a0-4cee-bfb4-65994004f437,wrkt-2026-08-04:workout:0115,Full Body · Day 3 · Week 5 · Full Body,2026-02-14 8:58 am,5700
8e008d4e-9ff9-43c9-9970-c0bd538767ab,wrkt-2026-08-04:workout:0116,Full Body · Day 2 · Week 5 · Full Body,2026-02-13 1:42 pm,5220
272dbc55-c906-4b0f-b955-bf78ac60059e,wrkt-2026-08-04:workout:0117,Full Body · Day 1 · Week 5 · Full Body,2026-02-11 4:00 pm,4980
e95d45cf-a3f2-443c-b139-da2f54f1d1cc,wrkt-2026-08-04:workout:0118,Full Body · Day 5 · Week 4 · Full Body,2026-02-10 1:32 pm,5040
3b4084a7-35c2-4aec-b4cf-1228dc12f57a,wrkt-2026-08-04:workout:0119,Full Body · Day 4 · Week 4 · Full Body,2026-02-09 1:10 pm,6420
688d501f-4769-463e-a407-37c9becff711,wrkt-2026-08-04:workout:0120,Full Body · Day 3 · Week 4 · Full Body,2026-02-07 12:49 pm,5820
00989de3-f35b-446e-bfc7-df0116d5b084,wrkt-2026-08-04:workout:0121,Full Body · Day 2 · Week 4 · Full Body,2026-02-06 4:30 pm,5220
96f71936-642e-4571-8cf2-a91bff3f5d22,wrkt-2026-08-04:workout:0122,Full Body · Day 1 · Week 4 · Full Body,2026-02-04 1:02 pm,5280
10c90f42-1c19-475f-9ce3-70fc8cc27485,wrkt-2026-08-04:workout:0123,Full Body · Day 5 · Week 3 · Full Body,2026-02-03 2:34 pm,4620
8f4e5e4b-bb91-497c-922b-f248053bab3a,wrkt-2026-08-04:workout:0124,Full Body · Day 4 · Week 3 · Full Body,2026-02-02 1:32 pm,6240
91228db7-c84d-4d35-847c-de10cd60dbf1,wrkt-2026-08-04:workout:0125,Full Body · Day 3 · Week 3 · Full Body,2026-02-01 2:06 pm,5400
a0bc2b2b-f1ad-483d-8782-7c55dfa908fe,wrkt-2026-08-04:workout:0126,Full Body · Day 2 · Week 3 · Full Body,2026-01-31 8:42 am,4620
1fad6d67-1ffd-440a-b05d-21bd8e7f134d,wrkt-2026-08-04:workout:0127,Full Body · Day 1 · Week 3 · Full Body,2026-01-29 6:07 pm,4800
0e292ae1-e809-4bcf-a5a7-9e7c624fefc9,wrkt-2026-08-04:workout:0128,Full Body · Day 5 · Week 2 · Full Body,2026-01-28 12:09 pm,4740
bf03f3a0-03f3-49cb-928c-0b4d57ae0029,wrkt-2026-08-04:workout:0129,Full Body · Day 4 · Week 2 · Full Body,2026-01-26 4:44 pm,5220
b74ba3c7-d395-444c-9315-2417085cd2ad,wrkt-2026-08-04:workout:0130,Full Body · Day 3 · Week 2 · Full Body,2026-01-25 2:24 pm,5220
a38d473c-73cf-441b-a073-0d4c4571c83d,wrkt-2026-08-04:workout:0131,Full Body · Day 2 · Week 2 · Full Body,2026-01-24 2:53 pm,5220
e593653a-c752-48ae-8b14-15c7d3911bc1,wrkt-2026-08-04:workout:0132,Full Body · Day 1 · Week 2 · Full Body,2026-01-23 1:35 pm,4560
aaf05626-9388-4001-86a7-b1e7e37c6ccf,wrkt-2026-08-04:workout:0133,Full Body · Day 5 · Week 1 · Full Body,2026-01-21 2:05 pm,5220
71e4b46a-59a7-41f1-8a1e-3fbb90e9fc4a,wrkt-2026-08-04:workout:0134,Full Body · Day 4 · Week 1 · Full Body,2026-01-20 12:56 pm,5760
28d4482c-ffdf-4c9c-8514-9d62ad2d4b6e,wrkt-2026-08-04:workout:0135,Full Body · Day 3 · Week 1 · Full Body,2026-01-19 12:37 pm,4980
486ae4a0-b726-4152-9b88-9f86ab531cf6,wrkt-2026-08-04:workout:0136,Full Body · Day 2 · Week 1 · Full Body,2026-01-18 3:41 pm,5340
2259c9d0-118e-4184-94a8-45ba0acbf991,wrkt-2026-08-04:workout:0137,Full Body · Day 1 · Week 1 · Full Body,2026-01-17 3:52 pm,4560
426438a5-3857-4e09-b3e4-3cc02122ab66,wrkt-2026-08-04:workout:0138,Full Body · Day 5 · Deload · Full Body,2026-01-16 2:11 pm,3840
ba5dc072-62cc-45a4-9431-9fb5580d81f1,wrkt-2026-08-04:workout:0139,Full Body · Day 4 · Deload · Full Body,2026-01-15 12:18 pm,2640
e28337ed-b52c-4d19-850c-9a080bf021f7,wrkt-2026-08-04:workout:0140,Full Body · Day 3 · Deload · Full Body,2026-01-14 1:25 pm,4560
023fb990-fecb-4120-8eb5-c0eb72d1b286,wrkt-2026-08-04:workout:0141,Full Body · Day 2 · Deload · Full Body,2026-01-13 1:22 pm,2940
5ce805cb-6bb4-4775-b13d-049687da6bdd,wrkt-2026-08-04:workout:0142,Full Body · Day 1 · Deload · Full Body,2026-01-12 2:43 pm,3300
2fbc736b-26bb-4e3b-9d04-400af4cd4efd,wrkt-2026-08-04:workout:0143,Full Body · Day 5 · Week 5 · Full Body,2026-01-10 3:03 pm,5280
85c7f59c-d055-45a4-bb18-bd36e066360d,wrkt-2026-08-04:workout:0144,Full Body · Day 4 · Week 5 · Full Body,2026-01-09 1:51 pm,4980
f80dbdb6-6a6d-48c6-8fc0-a68ad5a3fce9,wrkt-2026-08-04:workout:0145,Full Body · Day 3 · Week 5 · Full Body,2026-01-07 12:21 pm,5940
387c409f-4f4f-4c35-8348-005e17b863aa,wrkt-2026-08-04:workout:0146,Full Body · Day 2 · Week 5 · Full Body,2026-01-06 2:03 pm,5160
5029aa0e-414a-43eb-a565-1febf51fd3f7,wrkt-2026-08-04:workout:0147,Full Body · Day 1 · Week 5 · Full Body,2026-01-04 3:59 pm,5460
8e127066-d992-4c25-b598-8f03f95d907f,wrkt-2026-08-04:workout:0148,Full Body · Day 5 · Week 4 · Full Body,2026-01-02 11:05 am,5760
415516b3-72e2-4dc3-93ad-a2ec71434636,wrkt-2026-08-04:workout:0149,Full Body · Day 4 · Week 4 · Full Body,2025-12-31 1:02 pm,4560
6cd57d4b-16a7-423a-90b7-f4a4d860ffb8,wrkt-2026-08-04:workout:0150,Full Body · Day 3 · Week 4 · Full Body,2025-12-29 11:15 am,6540
0e1c7a29-eafc-40b2-a58c-c76c6c27c110,wrkt-2026-08-04:workout:0151,Full Body · Day 2 · Week 4 · Full Body,2025-12-28 11:06 am,5760
217c9182-e94b-4458-8e82-cdc00f648b44,wrkt-2026-08-04:workout:0152,Full Body · Day 1 · Week 4 · Full Body,2025-12-26 2:31 pm,5220
af80a909-baf6-42da-ad2e-6cc0d147d744,wrkt-2026-08-04:workout:0153,Full Body · Day 5 · Week 3 · Full Body,2025-12-24 1:27 pm,5880
5c52d54a-383e-45ff-9189-677fccd0deeb,wrkt-2026-08-04:workout:0154,Full Body · Day 4 · Week 3 · Full Body,2025-12-23 10:35 am,4800
ffef92d7-a182-488a-aeae-27b7472c2359,wrkt-2026-08-04:workout:0155,Full Body · Day 3 · Week 3 · Full Body,2025-12-17 1:36 pm,5700
3cd5d873-bd00-436e-8c7a-b62ac466080c,wrkt-2026-08-04:workout:0156,Full Body · Day 2 · Week 3 · Full Body,2025-12-16 4:34 pm,5100
4d3add12-ea2b-48ae-8a0a-c4e72b53c662,wrkt-2026-08-04:workout:0157,Full Body · Day 1 · Week 3 · Full Body,2025-12-15 1:21 pm,5340
bf47a7f1-03c6-4dfb-9826-84183ae2070c,wrkt-2026-08-04:workout:0158,Full Body · Day 5 · Week 2 · Full Body,2025-12-13 10:25 am,5220
3f22f70b-705d-4bf5-9dd3-119d8bda71a4,wrkt-2026-08-04:workout:0159,Full Body · Day 4 · Week 2 · Full Body,2025-12-12 2:44 pm,4500
816829c9-b60f-43e1-95d1-1a7c16ddff97,wrkt-2026-08-04:workout:0160,Full Body · Day 3 · Week 2 · Full Body,2025-12-10 1:14 pm,6120
f240c328-372f-4b69-97c1-540bc51660da,wrkt-2026-08-04:workout:0161,Full Body · Day 2 · Week 2 · Full Body,2025-12-09 1:27 pm,4860
21504f91-d6a1-416c-bd47-e34dd1a45e6b,wrkt-2026-08-04:workout:0162,Full Body · Day 1 · Week 2 · Full Body,2025-12-08 12:34 pm,4740
a6fadea0-69f4-42c8-95e0-d5088540f1b3,wrkt-2026-08-04:workout:0163,Full Body · Day 5 · Week 1 · Full Body,2025-12-06 10:36 am,5580
51d58d2a-6c6e-4a4a-9ce7-09f7af5aed56,wrkt-2026-08-04:workout:0164,Full Body · Day 4 · Week 1 · Full Body,2025-12-05 1:35 pm,4080
7eb88a65-2453-45b4-9bae-a999be164085,wrkt-2026-08-04:workout:0165,Full Body · Day 3 · Week 1 · Full Body,2025-12-03 1:31 pm,6060
33eced88-749d-4937-85b3-a81a5d668eab,wrkt-2026-08-04:workout:0166,Full Body · Day 2 · Week 1 · Full Body,2025-12-02 1:47 pm,4620
af905664-075b-4f6e-a8f3-2b3081fdfb0b,wrkt-2026-08-04:workout:0167,Full Body · Day 1 · Week 1 · Full Body,2025-11-30 10:40 am,4500
26f478ea-7cee-4a1d-a3bb-27e94b026dda,wrkt-2026-08-04:workout:0168,Full Body · Day 5 · Deload · Full Body,2025-11-28 10:29 am,3240
0cae0c9f-c6f6-45e8-b626-04df35e37dc1,wrkt-2026-08-04:workout:0169,Full Body · Day 4 · Deload · Full Body,2025-11-27 9:03 am,3060
32d7d3ac-6722-4e64-9fb6-a8bfd86b3fac,wrkt-2026-08-04:workout:0170,Full Body · Day 3 · Deload · Full Body,2025-11-26 12:59 pm,3060
5cfbdb2f-24f8-41b2-8272-80c64bd46139,wrkt-2026-08-04:workout:0171,Full Body · Day 2 · Deload · Full Body,2025-11-25 12:56 pm,3120
9dee1c74-f0e0-4741-92fe-acf8ea387ea9,wrkt-2026-08-04:workout:0172,Full Body · Day 1 · Deload · Full Body,2025-11-24 1:34 pm,2760
0a46325e-17ce-4234-a6fd-7c431fbcb295,wrkt-2026-08-04:workout:0173,Full Body · Day 5 · Week 5 · Full Body,2025-11-23 10:39 am,5460
238492f3-42ec-445d-b40e-cade4944d35d,wrkt-2026-08-04:workout:0174,Full Body · Day 4 · Week 5 · Full Body,2025-11-21 10:08 am,5100
532760e2-0dd2-4b59-bb90-4ae088391d60,wrkt-2026-08-04:workout:0175,Full Body · Day 3 · Week 5 · Full Body,2025-11-19 12:54 pm,5580
8f6ccf2c-eeb8-45ee-8711-2d2b53b43ed7,wrkt-2026-08-04:workout:0176,Full Body · Day 2 · Week 5 · Full Body,2025-11-18 3:26 pm,4080
fa9bd41d-95cc-4807-9d57-839601bda5aa,wrkt-2026-08-04:workout:0177,Full Body · Day 1 · Week 5 · Full Body,2025-11-17 12:56 pm,5400
4ab602d2-3475-4703-9925-765f0abc6527,wrkt-2026-08-04:workout:0178,Full Body · Day 5 · Week 4 · Full Body,2025-11-15 10:03 am,5520
bb08b400-a6b9-4202-bd40-8fb450ec9ea4,wrkt-2026-08-04:workout:0179,Full Body · Day 4 · Week 4 · Full Body,2025-11-14 1:39 pm,5220
6977f234-8d40-4b7b-8a5d-14dc10ab7d09,wrkt-2026-08-04:workout:0180,Full Body · Day 3 · Week 4 · Full Body,2025-11-12 1:18 pm,5280
8e00ac6d-83e3-4e97-8069-419279f0ced8,wrkt-2026-08-04:workout:0181,Full Body · Day 2 · Week 4 · Full Body,2025-11-11 1:42 pm,4680
05560449-8c9d-4e34-8322-b53a20108234,wrkt-2026-08-04:workout:0182,Full Body · Day 1 · Week 4 · Full Body,2025-11-10 2:31 pm,5340
30bef568-c25d-448c-a49c-4454d9b8c6ec,wrkt-2026-08-04:workout:0183,Full Body · Day 5 · Week 3 · Full Body,2025-11-08 9:44 am,5400
de068c6d-529c-435d-a78e-9eb3188b9827,wrkt-2026-08-04:workout:0184,Full Body · Day 4 · Week 3 · Full Body,2025-11-07 2:07 pm,4980
1f2c6c83-6ee7-4ef6-954e-7d75a4df770a,wrkt-2026-08-04:workout:0185,Full Body · Day 3 · Week 3 · Full Body,2025-11-05 8:33 am,5820
2dfd1026-5920-4153-b9de-b6695c2bc231,wrkt-2026-08-04:workout:0186,Full Body · Day 2 · Week 3 · Full Body,2025-11-04 12:32 pm,4920
db86371a-6068-4479-8cf5-cc1834e1a83f,wrkt-2026-08-04:workout:0187,Full Body · Day 1 · Week 3 · Full Body,2025-11-03 1:20 pm,5280
e6fc7a4c-7e52-4a79-991f-2ac5bd869108,wrkt-2026-08-04:workout:0188,Full Body · Day 5 · Week 2 · Full Body,2025-11-01 10:35 am,5280
90ce0e93-1eb0-4375-bf26-68fc79ff2809,wrkt-2026-08-04:workout:0189,Full Body · Day 4 · Week 2 · Full Body,2025-10-31 1:05 pm,4860
96b473eb-c660-45f1-a4fb-1572ccf0afc8,wrkt-2026-08-04:workout:0190,Full Body · Day 3 · Week 2 · Full Body,2025-10-29 1:09 pm,5580
7e163050-f241-4e3f-8231-57be51d67810,wrkt-2026-08-04:workout:0191,Full Body · Day 2 · Week 2 · Full Body,2025-10-28 1:28 pm,4440
bfa29c65-9c49-4793-ae81-8ff73344cb7a,wrkt-2026-08-04:workout:0192,Full Body · Day 1 · Week 2 · Full Body,2025-10-27 1:34 pm,5160
78e7f82b-17bb-48a6-9f28-7f4d5e00d5e5,wrkt-2026-08-04:workout:0193,Full Body · Day 5 · Week 1 · Full Body,2025-10-25 10:35 am,5460
8795322a-66ca-4909-a74b-addd55dd3458,wrkt-2026-08-04:workout:0194,Full Body · Day 4 · Week 1 · Full Body,2025-10-24 1:34 pm,4860
48b04da0-1646-40ed-b240-7c13ef99bd3f,wrkt-2026-08-04:workout:0195,Full Body · Day 3 · Week 1 · Full Body,2025-10-22 2:18 pm,4740
47e98c54-86a6-4543-961b-12772f186718,wrkt-2026-08-04:workout:0196,Full Body · Day 2 · Week 1 · Full Body,2025-10-21 2:09 pm,4500
4990e817-b493-46d7-9ca3-de8a525b3f3d,wrkt-2026-08-04:workout:0197,Full Body · Day 1 · Week 1 · Full Body,2025-10-20 2:00 pm,4980
527b4e04-5370-4586-8118-e5a9fbd9c861,wrkt-2026-08-04:workout:0198,Full Body · Day 4 · Deload · Full Body,2025-10-19 10:31 am,3180
207ec0f3-49ee-4aaf-9b46-8e1c5c7d6b9d,wrkt-2026-08-04:workout:0199,Full Body · Day 3 · Deload · Full Body,2025-10-17 2:12 pm,2760
d64f3d8b-5f0e-4a66-8ea7-214bfc4f166d,wrkt-2026-08-04:workout:0200,Full Body · Day 2 · Deload · Full Body,2025-10-15 2:43 pm,3840
fc08505f-3754-4dd7-a11d-6c7c056efcd4,wrkt-2026-08-04:workout:0201,Full Body · Day 1 · Deload · Full Body,2025-10-14 3:07 pm,3180
559a8c26-4564-4c2d-a519-16614eb36fab,wrkt-2026-08-04:workout:0202,Full Body · Day 5 · Week 4 · Full Body,2025-10-05 9:03 am,5280
7760161a-0b48-45aa-962b-f43374514ca6,wrkt-2026-08-04:workout:0203,Full Body · Day 4 · Week 4 · Full Body,2025-10-03 3:55 pm,5220
88b0d683-37c4-4249-834d-4b83026e4894,wrkt-2026-08-04:workout:0204,Full Body · Day 3 · Week 4 · Full Body,2025-10-01 4:05 pm,4380
259eb82b-7f86-4543-b4f1-3fdc58e0a040,wrkt-2026-08-04:workout:0205,Full Body · Day 2 · Week 4 · Full Body,2025-09-30 10:57 am,5460
d8f0ba77-7f9c-46a6-ac66-31f31afaac68,wrkt-2026-08-04:workout:0206,Full Body · Day 1 · Week 4 · Full Body,2025-09-29 2:08 pm,5580
2e2c4474-2a67-4b8c-a16f-23222f8fcb64,wrkt-2026-08-04:workout:0207,Full Body · Day 5 · Week 3 · Full Body,2025-09-27 10:04 am,6420
5de90a17-d4d3-4797-acae-b29fa5140889,wrkt-2026-08-04:workout:0208,Full Body · Day 4 · Week 3 · Full Body,2025-09-26 1:03 pm,5340
042626df-2e55-489e-a68e-5d12ab36f2fd,wrkt-2026-08-04:workout:0209,Full Body · Day 3 · Week 3 · Full Body,2025-09-24 2:27 pm,4860
59ec85cf-79a6-4373-a800-335dd4ba1136,wrkt-2026-08-04:workout:0210,Full Body · Day 2 · Week 3 · Full Body,2025-09-23 1:39 pm,5880
86cf4add-f4f2-4f91-b784-f560f02c4ed5,wrkt-2026-08-04:workout:0211,Full Body · Day 1 · Week 3 · Full Body,2025-09-22 1:40 pm,5400
f0165a9d-ca28-4c5b-b07b-6e43700dd8f2,wrkt-2026-08-04:workout:0212,Full Body · Day 5 · Week 2 · Full Body,2025-09-20 8:23 am,5700
c143953a-9d78-4c34-9b03-eb5629dbde55,wrkt-2026-08-04:workout:0213,Full Body · Day 4 · Week 2 · Full Body,2025-09-19 1:37 pm,5520
fd597468-3de3-44b3-982e-037845db5876,wrkt-2026-08-04:workout:0214,Full Body · Day 3 · Week 2 · Full Body,2025-09-17 11:02 am,4620
44e74ce2-c0cd-456d-aa19-725ae6ee7f25,wrkt-2026-08-04:workout:0215,Full Body · Day 2 · Week 2 · Full Body,2025-09-16 1:11 pm,5640
ddd34103-934f-439d-a4af-8c0567beab2c,wrkt-2026-08-04:workout:0216,Full Body · Day 1 · Week 2 · Full Body,2025-09-15 1:48 pm,5460
0b6ec2b3-1c45-4f09-8ae0-80dcbdb92e09,wrkt-2026-08-04:workout:0217,Full Body · Day 5 · Week 1 · Full Body,2025-09-14 8:36 am,5880
42e13f3b-ba4b-4b48-910c-9d25de2ef18f,wrkt-2026-08-04:workout:0218,Full Body · Day 4 · Week 1 · Full Body,2025-09-12 1:07 pm,5340
dc819410-8da3-49d0-bedb-0f11ab5a64cb,wrkt-2026-08-04:workout:0219,Full Body · Day 3 · Week 1 · Full Body,2025-09-10 12:32 pm,4500
71f7bee0-458d-4bb0-bf2c-9c4bc9f59c5f,wrkt-2026-08-04:workout:0220,Full Body · Day 2 · Week 1 · Full Body,2025-09-09 1:06 pm,5640
0258a7e5-b0be-413b-bcfc-fea63f4d5791,wrkt-2026-08-04:workout:0221,Full Body · Day 1 · Week 1 · Full Body,2025-09-08 2:00 pm,5580
1304f0c5-2517-4593-8369-85bd3525dbaa,wrkt-2026-08-04:workout:0222,Full Body · Day 5 · Deload · Full Body,2025-09-07 1:57 pm,3180
00ff62b2-0258-4a05-b081-3ed0f18eb0db,wrkt-2026-08-04:workout:0223,Full Body · Day 4 · Deload · Full Body,2025-09-06 2:33 pm,3300
54c1e3dc-4bd1-4967-8a97-c2767aaf1d1f,wrkt-2026-08-04:workout:0224,Full Body · Day 3 · Deload · Full Body,2025-09-05 1:33 pm,3000
dc5556cd-7c8a-4294-a542-34d3cf552741,wrkt-2026-08-04:workout:0225,Full Body · Day 2 · Deload · Full Body,2025-09-04 2:28 pm,3300
f2916a7f-c61b-4681-a91d-788ddb7ec10c,wrkt-2026-08-04:workout:0226,Full Body · Day 1 · Deload · Full Body,2025-09-03 5:08 pm,3780
591e4285-9a75-4695-bcab-cf954af4024f,wrkt-2026-08-04:workout:0227,Full Body · Day 5 · Week 5 · Full Body,2025-08-30 10:29 am,5520
bfc15d66-5af9-46dd-8bd6-03d8ae58402f,wrkt-2026-08-04:workout:0228,Full Body · Day 4 · Week 5 · Full Body,2025-08-29 2:02 pm,5220
44838df7-cab6-41bb-9b80-c02ffdba8f48,wrkt-2026-08-04:workout:0229,Full Body · Day 3 · Week 5 · Full Body,2025-08-28 1:20 pm,5640
d3158976-5acd-4053-91b0-6a8144156d78,wrkt-2026-08-04:workout:0230,Full Body · Day 2 · Week 5 · Full Body,2025-08-27 9:14 am,6420
04572cbf-e9c0-4f0c-97d1-24dc838afbc7,wrkt-2026-08-04:workout:0231,Full Body · Day 1 · Week 5 · Full Body,2025-08-25 1:40 pm,6480
f9bcc211-afa9-49dd-bd7a-38a324183896,wrkt-2026-08-04:workout:0232,Full Body · Day 5 · Week 4 · Full Body,2025-08-23 2:24 pm,5700
2e998fe7-7418-42b6-a7d0-7c8e05f9ea4a,wrkt-2026-08-04:workout:0233,Full Body · Day 4 · Week 4 · Full Body,2025-08-22 9:56 am,5400
429da531-6f9d-4845-9980-ee3b997b5bf7,wrkt-2026-08-04:workout:0234,Full Body · Day 3 · Week 4 · Full Body,2025-08-21 1:07 pm,5580
fc07f6b1-60d6-409d-a05d-2912074f4114,wrkt-2026-08-04:workout:0235,Full Body · Day 2 · Week 4 · Full Body,2025-08-20 1:12 pm,5820
e41ca3d5-4bbe-4b6f-8a89-a63687dc6fe4,wrkt-2026-08-04:workout:0236,Full Body · Day 1 · Week 4 · Full Body,2025-08-18 10:02 am,6240
95f99454-e8d9-4455-8d64-35fd30c5159d,wrkt-2026-08-04:workout:0237,Full Body · Day 5 · Week 3 · Full Body,2025-08-16 12:58 pm,5160
cf564116-a39b-4ad1-9dc6-ddd769d1e02d,wrkt-2026-08-04:workout:0238,Full Body · Day 4 · Week 3 · Full Body,2025-08-15 1:30 pm,5100
c09d7cdb-f881-456b-8cb0-f33b2c492501,wrkt-2026-08-04:workout:0239,Full Body · Day 3 · Week 3 · Full Body,2025-08-13 12:55 pm,5460
b2f24d4e-bb52-4494-85c9-79729d97e7bc,wrkt-2026-08-04:workout:0240,Full Body · Day 2 · Week 3 · Full Body,2025-08-12 1:29 pm,5040
b89ee8db-f529-49f1-88ca-71e7cbf0a755,wrkt-2026-08-04:workout:0241,Full Body · Day 1 · Week 3 · Full Body,2025-08-11 2:21 pm,5820
af71e8aa-641f-45a1-be7b-5fd7f36f584a,wrkt-2026-08-04:workout:0242,Full Body · Day 5 · Week 2 · Full Body,2025-08-09 10:16 am,5220
ad3381c4-1842-4f1f-b24d-6c21fc465d20,wrkt-2026-08-04:workout:0243,Full Body · Day 4 · Week 2 · Full Body,2025-08-07 2:41 pm,5160
4272a94e-8364-4997-8dba-bc2627cc2aee,wrkt-2026-08-04:workout:0244,Full Body · Day 3 · Week 2 · Full Body,2025-08-06 1:31 pm,4920
cc24367c-a1c7-44bf-9db0-ad8d50e16999,wrkt-2026-08-04:workout:0245,Full Body · Day 2 · Week 2 · Full Body,2025-08-05 4:29 pm,5400
3089c3f3-5d54-4050-aa2a-c3e2cef4b245,wrkt-2026-08-04:workout:0246,Full Body · Day 1 · Week 2 · Full Body,2025-08-04 1:19 pm,6420
fd52bbf6-3aa5-4c84-8a07-7f9e514feb8b,wrkt-2026-08-04:workout:0247,Full Body · Day 5 · Week 1 · Full Body,2025-08-02 11:59 am,4980
dbacad06-f344-4351-972f-106b0ca9f090,wrkt-2026-08-04:workout:0248,Full Body · Day 4 · Week 1 · Full Body,2025-07-31 2:13 pm,4380
7ee89775-b1d1-45ec-8c5b-7558d89568f5,wrkt-2026-08-04:workout:0249,Full Body · Day 3 · Week 1 · Full Body,2025-07-30 5:09 pm,4680
9b5986a9-d1c6-4499-8855-51ed43c4c9f8,wrkt-2026-08-04:workout:0250,Full Body · Day 2 · Week 1 · Full Body,2025-07-29 2:15 pm,5460
ca1dce37-ad6b-4a7b-800b-05313896d392,wrkt-2026-08-04:workout:0251,Full Body · Day 1 · Week 1 · Full Body,2025-07-28 1:30 pm,5820
37574ddd-4311-48cf-acd5-5583b6b957ef,wrkt-2026-08-04:workout:0252,Pull · Standalone workout,2025-07-27 4:12 pm,5220
b10544eb-898b-49ac-8506-1e0564432dc6,wrkt-2026-08-04:workout:0253,Push · Standalone workout,2025-07-26 1:45 pm,5640
383a6bc1-28d3-4e50-b847-d387cd787acc,wrkt-2026-08-04:workout:0254,Pull · Standalone workout,2025-07-23 1:35 pm,4620
8e4988cb-2e3b-448e-a859-96eb7d567046,wrkt-2026-08-04:workout:0255,Push · Standalone workout,2025-07-21 5:48 pm,6300
3e25f0c3-b2d6-4c55-9c40-480db3507c15,wrkt-2026-08-04:workout:0256,Pull · Standalone workout,2025-07-19 9:05 am,4800
836f3786-40b7-4a84-9419-255fe71698aa,wrkt-2026-08-04:workout:0257,Push · Standalone workout,2025-07-17 1:48 pm,6540
282e7869-330c-4a4b-b3bc-703c9af29a34,wrkt-2026-08-04:workout:0258,Pull · Standalone workout,2025-07-15 5:30 pm,4980
98992d5c-869e-4db2-b295-c638c8d617c8,wrkt-2026-08-04:workout:0259,Push · Standalone workout,2025-07-13 10:40 am,4380
db314812-c03e-4973-9745-15127c38e4bc,wrkt-2026-08-04:workout:0260,Pull · Standalone workout,2025-07-10 4:03 pm,3900
957cc436-549e-4d22-b307-28889b802435,wrkt-2026-08-04:workout:0261,Push · Standalone workout,2025-07-09 2:16 pm,4680
b67b8ce1-dd14-4776-93fe-db79a8f47968,wrkt-2026-08-04:workout:0262,Pull · Standalone workout · Deload,2025-07-07 4:32 pm,3240
6e1a9d48-ff5f-446b-a47a-5008989f0dab,wrkt-2026-08-04:workout:0263,Full Body · Standalone workout · Deload,2025-07-06 12:32 pm,4440
ed192902-e8c1-4c07-869e-b7eecf6b038e,wrkt-2026-08-04:workout:0264,Push · Standalone workout,2025-06-24 4:39 pm,5700
19cc651e-7e36-45a6-8214-022587b25b2d,wrkt-2026-08-04:workout:0265,Pull · Standalone workout,2025-06-23 12:45 pm,5100
5997eb39-304f-4ff6-8c03-019fba936ed9,wrkt-2026-08-04:workout:0266,Push · Standalone workout,2025-06-21 11:32 am,5760
5b0e852f-07f8-4e4e-a0ca-80f4f5eb1091,wrkt-2026-08-04:workout:0267,Pull · Standalone workout,2025-06-19 12:15 pm,4740
e79740a5-330e-4ed0-87f5-af45650b5b4c,wrkt-2026-08-04:workout:0268,Push · Standalone workout,2025-06-18 1:51 pm,6540
8469a391-25dc-4f34-b45d-1e331119a629,wrkt-2026-08-04:workout:0269,Upper · Standalone workout,2025-06-14 9:59 am,5880
d31e4516-54d4-4e26-b4a2-53deeca3b4c9,wrkt-2026-08-04:workout:0270,Full Body · Standalone workout,2025-06-13 1:50 pm,6900
fcc41645-2b74-481c-b5d0-f7043210ac27,wrkt-2026-08-04:workout:0271,Upper · Standalone workout,2025-06-12 4:40 pm,5760
5dfc5a57-e592-4d5f-94b4-92230ac014e6,wrkt-2026-08-04:workout:0272,Lower · Standalone workout,2025-06-10 2:47 pm,5100
11946410-3d44-4c2f-b06d-da3bf96c1d41,wrkt-2026-08-04:workout:0273,Upper · Standalone workout,2025-06-09 4:01 pm,5160
efd82230-f55e-4c2c-a453-72488e9d42f5,wrkt-2026-08-04:workout:0274,Full Body · Standalone workout,2025-06-07 8:11 am,6120
6de50466-c753-4e54-bf16-37d2318da13c,wrkt-2026-08-04:workout:0275,Upper · Standalone workout,2025-06-05 5:06 pm,5280
23eda734-6fb5-490f-adb2-4b86c7eaacc2,wrkt-2026-08-04:workout:0276,Lower · Standalone workout,2025-06-04 4:06 pm,5580
65d985c3-25d7-436d-84bf-e595ea6f149d,wrkt-2026-08-04:workout:0277,Upper · Standalone workout,2025-06-02 5:10 pm,5100
af21fffa-34ad-4cfc-9aec-7fd9d5852176,wrkt-2026-08-04:workout:0278,Full Body · Standalone workout,2025-05-29 4:31 pm,5820
a3d9541c-37ac-4955-b0d8-f20773ff7459,wrkt-2026-08-04:workout:0279,Upper · Standalone workout,2025-05-27 3:54 pm,4740
d45d232b-cbff-49de-b145-31352250d179,wrkt-2026-08-04:workout:0280,Lower · Standalone workout,2025-05-26 3:00 pm,6060
c5c06b3a-ab1f-439c-bf7c-a345ce191796,wrkt-2026-08-04:workout:0281,Upper · Standalone workout,2025-05-23 2:02 pm,4860
1abf1ecc-9bec-41dd-8cd0-238608040a19,wrkt-2026-08-04:workout:0282,Full Body · Standalone workout,2025-05-20 2:11 pm,5160
7b175d92-7e20-4f7f-ba35-921d9013ca49,wrkt-2026-08-04:workout:0283,Upper · Standalone workout,2025-05-19 1:12 pm,4500
dd843119-5ee7-4dd7-9144-827444467afb,wrkt-2026-08-04:workout:0284,Lower · Standalone workout,2025-05-18 8:30 am,5160
42e69e3e-6d0a-4951-8cd4-81c420f921e9,wrkt-2026-08-04:workout:0285,Upper · Standalone workout,2025-05-16 12:49 pm,4260
5a2d99cd-f93f-4417-abe2-9ea042d2b05f,wrkt-2026-08-04:workout:0286,Full Body · Standalone workout,2025-05-14 4:11 pm,4560
0dea1b6e-339a-44f4-8e56-f9d4f1d9828f,wrkt-2026-08-04:workout:0287,Upper · Standalone workout,2025-05-12 4:08 pm,3720
f5905eda-659d-4678-9901-6d5e0e7c3259,wrkt-2026-08-04:workout:0288,Lower · Standalone workout,2025-05-10 9:52 am,4440
a850b38a-138c-4664-9463-3887869184d7,wrkt-2026-08-04:workout:0289,Upper · Standalone workout,2025-05-09 10:45 am,4080
fcf58673-517c-4b4f-b631-5944ebe152f3,wrkt-2026-08-04:workout:0290,Full Body · Day 4 · Deload · Upper-Lower Hybrid,2025-05-07 1:37 pm,4200
bf98cb13-f0b0-46e8-b60b-31620b0ec65a,wrkt-2026-08-04:workout:0291,Upper · Day 3 · Deload · Upper-Lower Hybrid,2025-05-05 1:07 pm,4020
37faaadf-fe26-4afc-8248-e8f5dc766a7f,wrkt-2026-08-04:workout:0292,Lower · Day 2 · Deload · Upper-Lower Hybrid,2025-05-04 2:40 pm,3300
3053aa36-14ac-41ba-ba72-45699dad40fe,wrkt-2026-08-04:workout:0293,Upper · Day 1 · Deload · Upper-Lower Hybrid,2025-05-02 4:24 pm,2820
3f0c9e3d-33a2-40ee-b79e-5cba6720cb66,wrkt-2026-08-04:workout:0294,Full Body · Day 4 · Week 5 · Upper-Lower Hybrid,2025-04-24 12:54 pm,6780
b3165a99-3628-4518-afa0-fb30d05d5696,wrkt-2026-08-04:workout:0295,Upper · Day 3 · Week 5 · Upper-Lower Hybrid,2025-04-22 4:03 pm,6420
90e36f8e-ed7d-4169-a476-5151f137442b,wrkt-2026-08-04:workout:0296,Lower · Day 2 · Week 5 · Upper-Lower Hybrid,2025-04-21 4:31 pm,7020
bc304db9-1cda-41f4-b13b-dd3a25153136,wrkt-2026-08-04:workout:0297,Upper · Day 1 · Week 5 · Upper-Lower Hybrid,2025-04-19 9:59 am,7260
9165d3f9-4d4a-4b5e-abea-45d6c5d3658b,wrkt-2026-08-04:workout:0298,Full Body · Day 4 · Week 4 · Upper-Lower Hybrid,2025-04-18 10:18 am,7260
bd6451d2-c15e-4097-b112-7e3d43460b27,wrkt-2026-08-04:workout:0299,Upper · Day 3 · Week 4 · Upper-Lower Hybrid,2025-04-16 4:49 pm,6060
300a6e68-e002-440b-91cc-758d3a5066b6,wrkt-2026-08-04:workout:0300,Lower · Day 2 · Week 4 · Upper-Lower Hybrid,2025-04-15 2:28 pm,6300
e45db441-38b2-4be5-afc5-ef2a0e0b059f,wrkt-2026-08-04:workout:0301,Upper · Day 1 · Week 4 · Upper-Lower Hybrid,2025-04-13 10:11 am,6480
c68e9ac7-62de-4fc3-a372-c8bcaa141232,wrkt-2026-08-04:workout:0302,Full Body · Day 4 · Week 3 · Upper-Lower Hybrid,2025-04-11 5:32 pm,6540
9b63c8df-21db-4b0f-930e-6e371ec9b31a,wrkt-2026-08-04:workout:0303,Upper · Day 3 · Week 3 · Upper-Lower Hybrid,2025-04-09 5:41 pm,5580
4316ed8c-3d55-4f33-86c2-ae03cf3bdeb4,wrkt-2026-08-04:workout:0304,Lower · Day 2 · Week 3 · Upper-Lower Hybrid,2025-04-08 3:34 pm,6240
d88869a0-642e-4c55-9a2e-ef85e7f96a5b,wrkt-2026-08-04:workout:0305,Upper · Day 1 · Week 3 · Upper-Lower Hybrid,2025-04-07 1:45 pm,6660
cb65894d-4a40-4648-8fae-a16effdf1291,wrkt-2026-08-04:workout:0306,Full Body · Day 4 · Week 2 · Upper-Lower Hybrid,2025-04-05 10:32 am,5700
1c3b0a7b-5881-442d-a5bb-283a2ba644e5,wrkt-2026-08-04:workout:0307,Upper · Day 3 · Week 2 · Upper-Lower Hybrid,2025-04-03 4:37 pm,4860
c45c6f66-737e-4819-8642-1f7937e10568,wrkt-2026-08-04:workout:0308,Lower · Day 2 · Week 2 · Upper-Lower Hybrid · Deload,2025-04-02 1:38 pm,5280
fee95559-86da-41d9-8af5-69d213dc7433,wrkt-2026-08-04:workout:0309,Upper · Day 1 · Week 2 · Upper-Lower Hybrid,2025-03-30 5:33 pm,4860
3fbe1fe5-b115-47f0-bcbd-377eb5a09c11,wrkt-2026-08-04:workout:0310,Full Body · Day 4 · Week 1 · Upper-Lower Hybrid,2025-03-28 1:12 pm,5340
48241554-4032-4740-9a42-85b4adc7d443,wrkt-2026-08-04:workout:0311,Upper · Day 3 · Week 1 · Upper-Lower Hybrid,2025-03-26 12:10 pm,4440
bf470a2a-3662-433f-975c-664a7d735554,wrkt-2026-08-04:workout:0312,Lower · Day 2 · Week 1 · Upper-Lower Hybrid,2025-03-24 1:00 pm,5160
127ee49f-9350-41ec-bb10-e2f2c0bf20b7,wrkt-2026-08-04:workout:0313,Upper · Day 1 · Week 1 · Upper-Lower Hybrid,2025-03-23 9:40 am,4080
02680e93-9eed-474c-808e-1cefc3e8f2ff,wrkt-2026-08-04:workout:0314,Full Body · Day 4 · Deload · Upper-Lower Hybrid,2025-03-22 9:55 am,3480
422a3f26-5800-4ffd-828d-d0db67665426,wrkt-2026-08-04:workout:0315,Upper · Day 3 · Deload · Upper-Lower Hybrid,2025-03-21 2:43 pm,2880
3196acbf-73f7-4a53-98ba-f0326e8f9415,wrkt-2026-08-04:workout:0316,Lower · Day 2 · Deload · Upper-Lower Hybrid,2025-03-19 1:14 pm,3600
e079539c-4056-48cb-84f8-1350d1646198,wrkt-2026-08-04:workout:0317,Upper · Day 1 · Deload · Upper-Lower Hybrid,2025-03-17 2:02 pm,3900
dd3e91d8-2f79-4623-9052-a11fe100390a,wrkt-2026-08-04:workout:0318,Full Body · Day 4 · Week 5 · Upper-Lower Hybrid,2025-03-16 1:14 pm,6900
c2fe0945-639c-46de-851a-3af0d0a63f92,wrkt-2026-08-04:workout:0319,Upper · Day 3 · Week 5 · Upper-Lower Hybrid,2025-03-14 1:34 pm,6840
e9e64185-feb0-4e34-b871-e747aa074fd4,wrkt-2026-08-04:workout:0320,Lower · Day 2 · Week 5 · Upper-Lower Hybrid,2025-03-12 2:04 pm,7140
d4a9b6c2-f346-4eb3-b432-ac63a5d8859d,wrkt-2026-08-04:workout:0321,Upper · Day 1 · Week 5 · Upper-Lower Hybrid,2025-03-10 1:58 pm,6720
7853adba-fdb3-4b73-a7a9-1a7ffdb0ea62,wrkt-2026-08-04:workout:0322,Full Body · Day 4 · Week 4 · Upper-Lower Hybrid,2025-03-06 6:00 pm,6300
d6124524-0f54-4fcd-b643-fc9a4a08a1ff,wrkt-2026-08-04:workout:0323,Upper · Day 3 · Week 4 · Upper-Lower Hybrid,2025-03-04 4:50 pm,6300
d1a466b0-f232-4dc1-a7c3-97cf7d833107,wrkt-2026-08-04:workout:0324,Lower · Day 2 · Week 4 · Upper-Lower Hybrid,2025-03-03 3:57 pm,6420
4fbb4a58-e1a2-44e8-96c0-bc4baa32b2b1,wrkt-2026-08-04:workout:0325,Upper · Day 1 · Week 4 · Upper-Lower Hybrid,2025-03-02 10:13 am,6480
2355c08c-02f5-43f7-a72f-e8f0057830dd,wrkt-2026-08-04:workout:0326,Full Body · Day 4 · Week 3 · Upper-Lower Hybrid,2025-02-28 1:41 pm,6300
36cb4271-0a29-458f-8470-756267e8842f,wrkt-2026-08-04:workout:0327,Upper · Day 3 · Week 3 · Upper-Lower Hybrid,2025-02-26 2:19 pm,6240
42016dcd-c372-4e89-8b91-66efdace2571,wrkt-2026-08-04:workout:0328,Lower · Day 2 · Week 3 · Upper-Lower Hybrid,2025-02-24 2:40 pm,6660
b7f47f2b-2874-40be-9c9c-dbeba4774eee,wrkt-2026-08-04:workout:0329,Upper · Day 1 · Week 3 · Upper-Lower Hybrid,2025-02-23 9:07 am,5580
e1def059-840b-4c62-8ef8-4280dd1d695b,wrkt-2026-08-04:workout:0330,Full Body · Day 4 · Week 2 · Upper-Lower Hybrid,2025-02-21 2:13 pm,5700
b606cf0a-ffdb-4089-81cb-9de68e4fcc23,wrkt-2026-08-04:workout:0331,Upper · Day 3 · Week 2 · Upper-Lower Hybrid,2025-02-19 3:10 pm,5340
8296e4ad-18f2-4d35-9025-2df56d6a7abe,wrkt-2026-08-04:workout:0332,Lower · Day 2 · Week 2 · Upper-Lower Hybrid,2025-02-17 2:08 pm,5760
8e907457-c6a3-444d-b0e7-779c372d35fa,wrkt-2026-08-04:workout:0333,Upper · Day 1 · Week 2 · Upper-Lower Hybrid,2025-02-16 2:09 pm,4860
a5527e02-c357-411a-94e4-7e4eac1cb55b,wrkt-2026-08-04:workout:0334,Full Body · Day 4 · Week 1 · Upper-Lower Hybrid,2025-02-14 1:36 pm,4860
971d8020-9c06-4e41-8de5-ad1b9761c981,wrkt-2026-08-04:workout:0335,Upper · Day 3 · Week 1 · Upper-Lower Hybrid,2025-02-12 3:16 pm,6060
6ea64048-67d9-4766-9599-1124c80bec23,wrkt-2026-08-04:workout:0336,Lower · Day 2 · Week 1 · Upper-Lower Hybrid,2025-02-10 5:00 pm,5640
42a53be6-3c90-41f1-93b6-8fdcbabbe99d,wrkt-2026-08-04:workout:0337,Upper · Day 1 · Week 1 · Upper-Lower Hybrid,2025-02-09 9:38 am,4440
0fb4410c-b567-451e-9838-eb7d3c654109,wrkt-2026-08-04:workout:0338,Full Body · Standalone workout,2025-02-07 3:26 pm,7680
1fa45ae2-6759-4027-85de-6e9ad03f829b,wrkt-2026-08-04:workout:0339,Upper · Standalone workout · Deload,2025-02-05 12:22 pm,4320
db3a8025-808c-431c-a782-ee24c1384dbe,wrkt-2026-08-04:workout:0340,Full Body · Standalone workout · Deload,2025-02-04 3:14 pm,3780
75a1c31e-becb-411b-8921-b1ecc4d28161,wrkt-2026-08-04:workout:0341,Upper · Standalone workout · Deload,2025-01-29 9:09 am,4260
cadcc61c-dff3-4a42-9791-2057d481e399,wrkt-2026-08-04:workout:0342,Full Body · Standalone workout,2025-01-27 4:28 pm,6240
796b29f5-fb83-48d2-b7f2-d4b02ba63116,wrkt-2026-08-04:workout:0343,Upper · Standalone workout,2025-01-25 2:02 pm,5820
3882b195-e118-4f4a-b7b3-f78ef368067d,wrkt-2026-08-04:workout:0344,Lower · Standalone workout,2025-01-24 4:40 pm,6900
5ad71fd5-9810-4a29-9bb0-46d472684754,wrkt-2026-08-04:workout:0345,Upper · Standalone workout,2025-01-22 10:29 am,5760
698ff433-6444-4473-9a7c-0e898b2acf40,wrkt-2026-08-04:workout:0346,Full Body · Standalone workout,2025-01-21 1:33 pm,6240
91d6830f-fe36-45fd-9fb3-084fcd4472ed,wrkt-2026-08-04:workout:0347,Upper · Standalone workout,2025-01-20 10:08 am,5580
7e9baa42-6008-4897-8637-ff9b8b5f01bd,wrkt-2026-08-04:workout:0348,Lower · Standalone workout,2025-01-18 10:08 am,6060
4d209a63-389d-4623-b4da-36f48c6ecc6c,wrkt-2026-08-04:workout:0349,Upper · Standalone workout,2025-01-17 12:20 pm,5340
ac4534e4-ce51-44fc-977f-69a9dc65796d,wrkt-2026-08-04:workout:0350,Full Body · Standalone workout,2025-01-15 1:08 pm,6420
bfe96b9d-fd43-4562-b207-f38804c538ee,wrkt-2026-08-04:workout:0351,Upper · Standalone workout,2025-01-13 2:03 pm,5880
e21c524d-a664-4bfa-9e4d-417dd4a19332,wrkt-2026-08-04:workout:0352,Lower · Standalone workout,2025-01-11 8:30 am,6060
7ef4ec23-de4d-4976-af91-3134c4275c0d,wrkt-2026-08-04:workout:0353,Upper · Standalone workout,2025-01-10 1:44 pm,6420
88c9414b-27b0-42a3-825a-f6a5b29f5667,wrkt-2026-08-04:workout:0354,Full Body · Standalone workout,2025-01-08 2:06 pm,5640
3e0e6da4-47cb-4b3f-8439-fb8c484d71bb,wrkt-2026-08-04:workout:0355,Standalone workout · Standalone workout,2025-01-07 5:26 pm,2700
c41d1926-1046-43b5-8ffd-a8ff20d56ae1,wrkt-2026-08-04:workout:0356,Upper · Standalone workout,2025-01-06 2:15 pm,5640
b372dbc5-03c4-4e97-a61e-548c34b3f5ab,wrkt-2026-08-04:workout:0357,Lower · Standalone workout,2025-01-04 10:32 am,6720
c4ec8ef9-4337-4b12-bf7c-076762f534bd,wrkt-2026-08-04:workout:0358,Upper · Standalone workout,2025-01-03 10:51 am,5220
e28240c3-799b-4602-96bc-f2c5fda95af3,wrkt-2026-08-04:workout:0359,Standalone workout · Standalone workout,2025-01-02 4:18 pm,2760
22be778a-e965-406d-a3db-735053e3f445,wrkt-2026-08-04:workout:0360,Full Body · Standalone workout,2025-01-01 2:34 pm,5880
a0e5912f-429d-4b3a-8323-896c022a75b6,wrkt-2026-08-04:workout:0361,Upper · Standalone workout,2024-12-31 10:19 am,5040
556c9d50-59dd-478f-81f2-f88d01dd6b8a,wrkt-2026-08-04:workout:0362,Lower · Standalone workout,2024-12-23 1:38 pm,6000
e79a8f16-d7c7-498c-b438-e4bfde7c8847,wrkt-2026-08-04:workout:0363,Upper · Standalone workout,2024-12-22 9:35 am,5280
68e2f625-1a6e-4512-9212-327260ff4a80,wrkt-2026-08-04:workout:0364,Full Body · Standalone workout,2024-12-20 2:36 pm,5280
1a6fc755-b822-4c9c-93ff-778fd862ffdf,wrkt-2026-08-04:workout:0365,Upper · Standalone workout,2024-12-18 1:51 pm,5160
0b2e860a-fd18-497a-a7d4-54203be88643,wrkt-2026-08-04:workout:0366,Lower · Standalone workout,2024-12-17 2:10 pm,5820
72089ccd-5ef1-4305-96c1-620c78e01672,wrkt-2026-08-04:workout:0367,Upper · Standalone workout,2024-12-16 1:37 pm,4620
